Timestamp,Object Name
2025-11-05 01:10:30,person
2025-11-05 01:10:30,person
2025-11-05 01:10:31,person
2025-11-05 01:10:31,person
2025-11-05 01:10:32,person
2025-11-05 01:10:32,person
2025-11-05 01:10:32,person
2025-11-05 01:10:33,person
2025-11-05 01:10:33,person
2025-11-05 01:10:33,person
2025-11-05 01:10:34,person
2025-11-05 01:10:34,person
2025-11-05 01:10:35,person
2025-11-05 01:10:35,person
2025-11-05 01:10:35,person
2025-11-05 01:10:36,person
2025-11-05 01:10:36,person
2025-11-05 01:10:37,person
2025-11-05 01:10:37,person
2025-11-05 01:21:40,person
2025-11-05 01:21:41,person
2025-11-05 01:21:41,person
2025-11-05 01:21:42,person
2025-11-05 01:21:42,person
2025-11-05 01:21:42,person
2025-11-05 01:21:43,person
2025-11-05 01:21:43,person
2025-11-05 01:21:43,person
2025-11-05 01:21:44,person
2025-11-05 01:21:44,person
2025-11-05 01:21:45,person
2025-11-05 01:21:45,person
2025-11-05 01:21:46,person
2025-11-05 01:21:46,person
2025-11-05 01:21:46,person
2025-11-05 01:21:47,person
2025-11-05 01:21:47,person
2025-11-05 01:21:48,person
2025-11-05 01:21:48,person
2025-11-05 01:21:48,person
2025-11-05 01:21:49,person
2025-11-05 01:21:49,person
2025-11-05 01:21:50,person
2025-11-05 01:21:50,person
2025-11-05 01:21:50,person
2025-11-05 01:21:51,person
2025-11-05 01:21:51,person
2025-11-05 01:21:52,person
2025-11-05 01:22:26,person
2025-11-05 01:22:26,person
2025-11-05 01:22:27,person
2025-11-05 01:22:27,person
2025-11-05 01:22:27,person
2025-11-05 01:22:28,person
2025-11-05 01:22:28,person
2025-11-05 01:22:29,person
2025-11-05 01:22:29,person
2025-11-05 01:22:29,person
2025-11-05 01:22:30,person
2025-11-05 01:22:30,person
2025-11-05 01:22:31,person
2025-11-05 01:22:31,person
2025-11-05 01:22:32,person
2025-11-05 01:22:32,person
2025-11-05 01:22:32,person
2025-11-05 01:22:33,person
2025-11-05 01:22:33,person
2025-11-05 01:22:33,person
2025-11-05 01:22:34,person
2025-11-05 01:22:34,person
2025-11-05 01:22:35,person
2025-11-05 01:22:35,person
2025-11-05 01:22:35,person
2025-11-05 01:22:36,person
2025-11-05 01:22:36,person
2025-11-05 01:22:37,person
2025-11-05 01:22:37,person
2025-11-05 01:22:37,person
2025-11-05 01:22:38,person
2025-11-05 01:22:38,person
2025-11-05 01:22:39,person
2025-11-05 01:22:39,person
2025-11-05 01:22:39,person
2025-11-05 01:22:40,person
2025-11-05 01:22:40,person
2025-11-05 01:22:40,person
2025-11-05 01:22:41,person
2025-11-05 01:22:41,person
2025-11-05 01:22:42,person
2025-11-05 01:22:42,person
2025-11-05 01:22:43,person
2025-11-05 01:22:43,bottle
2025-11-05 01:22:43,person
2025-11-05 01:22:43,person
2025-11-05 01:22:43,bottle
2025-11-05 01:22:44,person
2025-11-05 01:22:44,person
2025-11-05 01:22:45,person
2025-11-05 01:22:45,person
2025-11-05 01:22:45,person
2025-11-05 01:22:45,person
2025-11-05 01:22:46,person
2025-11-05 01:22:46,bottle
2025-11-05 01:22:46,person
2025-11-05 01:22:47,person
2025-11-05 01:22:47,bottle
2025-11-05 01:22:47,person
2025-11-05 01:22:48,person
2025-11-05 01:22:48,bottle
2025-11-05 01:22:48,person
2025-11-05 01:22:48,bottle
2025-11-05 01:22:49,person
2025-11-05 01:22:49,bottle
2025-11-05 01:22:49,bottle
2025-11-05 01:22:49,person
2025-11-05 01:22:49,bottle
2025-11-05 01:22:49,person
2025-11-05 01:22:50,bottle
2025-11-05 01:22:50,person
2025-11-05 01:22:50,person
2025-11-05 01:22:50,bottle
2025-11-05 01:22:51,person
2025-11-05 01:22:51,bottle
2025-11-05 01:22:51,person
2025-11-05 01:22:51,person
2025-11-05 01:22:52,person
2025-11-05 01:22:52,person
2025-11-05 01:22:53,person
2025-11-05 01:22:53,person
2025-11-05 01:22:54,person
2025-11-05 01:22:54,person
2025-11-05 01:22:55,person
2025-11-05 01:22:55,cell phone
2025-11-05 01:22:55,person
2025-11-05 01:22:55,cell phone
2025-11-05 01:22:55,cell phone
2025-11-05 01:22:56,cell phone
2025-11-05 01:22:56,cell phone
2025-11-05 01:22:56,cell phone
2025-11-05 01:22:57,cell phone
2025-11-05 01:22:57,cell phone
2025-11-05 01:22:57,cell phone
2025-11-05 01:22:58,cell phone
2025-11-05 01:22:58,cell phone
2025-11-05 01:22:58,person
2025-11-05 01:22:58,person
2025-11-05 01:22:59,cell phone
2025-11-05 01:22:59,person
2025-11-05 01:22:59,cell phone
2025-11-05 01:22:59,person
2025-11-05 01:22:59,cell phone
2025-11-05 01:22:59,person
2025-11-05 01:23:00,cell phone
2025-11-05 01:23:00,person
2025-11-05 01:23:00,cell phone
2025-11-05 01:23:00,person
2025-11-05 01:23:01,cell phone
2025-11-05 01:23:01,person
2025-11-05 01:23:01,person
2025-11-05 01:23:02,person
2025-11-05 01:23:02,person
2025-11-05 01:23:03,person
2025-11-05 01:23:03,person
2025-11-05 01:23:04,person
2025-11-05 01:23:39,person
2025-11-05 01:23:39,person
2025-11-05 01:23:40,person
2025-11-05 01:23:40,person
2025-11-05 01:23:41,person
2025-11-05 01:23:41,person
2025-11-05 01:23:42,person
2025-11-05 01:23:42,person
2025-11-05 01:23:43,person
2025-11-05 01:23:43,person
2025-11-05 01:23:44,person
2025-11-05 01:23:44,person
2025-11-05 01:23:45,person
2025-11-05 01:23:46,person
2025-11-05 01:23:46,person
2025-11-05 01:23:47,person
2025-11-05 01:23:47,person
2025-11-05 01:23:48,person
2025-11-05 01:23:48,person
2025-11-05 01:23:49,person
2025-11-05 01:23:49,person
2025-11-05 01:23:50,cell phone
2025-11-05 01:23:51,cell phone
2025-11-05 01:23:51,cell phone
2025-11-05 01:23:52,cell phone
2025-11-05 01:23:52,cell phone
2025-11-05 01:23:53,cell phone
2025-11-05 01:23:53,person
2025-11-05 01:23:54,person
2025-11-05 01:23:54,person
2025-11-05 01:23:54,person
2025-11-05 01:23:55,person
2025-11-05 01:23:55,person
2025-11-05 01:23:57,person
2025-11-05 01:23:58,person
2025-11-05 01:23:58,couch
2025-11-05 01:23:58,person
2025-11-05 01:23:58,person
2025-11-05 01:23:59,person
2025-11-05 01:24:00,person
2025-11-05 01:24:00,person
2025-11-05 01:24:00,person
2025-11-05 01:24:00,person
2025-11-05 01:24:01,person
2025-11-05 01:24:01,person
2025-11-05 01:24:01,person
2025-11-05 01:24:01,person
2025-11-05 01:24:02,person
2025-11-05 01:24:02,person
2025-11-05 01:24:03,person
2025-11-05 01:24:03,person
2025-11-05 01:24:03,person
2025-11-05 01:24:03,person
2025-11-05 01:24:04,person
2025-11-05 01:24:04,person
2025-11-05 01:24:04,person
2025-11-05 01:24:04,person
2025-11-05 01:24:04,backpack
2025-11-05 01:24:05,person
2025-11-05 01:24:05,person
2025-11-05 01:24:05,person
2025-11-05 01:24:05,person
2025-11-05 01:24:06,person
2025-11-05 01:24:06,person
2025-11-05 01:24:06,person
2025-11-05 01:24:06,person
2025-11-05 01:24:07,person
2025-11-05 01:24:07,person
2025-11-05 01:24:08,person
2025-11-05 01:24:08,person
2025-11-05 01:24:08,person
2025-11-05 01:24:08,person
2025-11-05 01:24:09,person
2025-11-05 01:24:09,person
2025-11-05 01:24:09,person
2025-11-05 01:24:09,person
2025-11-05 01:24:10,person
2025-11-05 01:24:10,person
2025-11-05 01:24:10,person
2025-11-05 01:24:10,person
2025-11-05 01:24:11,person
2025-11-05 01:24:11,person
2025-11-05 01:24:11,person
2025-11-05 01:24:11,person
2025-11-05 01:24:12,person
2025-11-05 01:24:12,person
2025-11-05 01:24:13,person
2025-11-05 01:24:13,person
2025-11-05 01:24:13,person
2025-11-05 01:24:14,person
2025-11-05 01:24:14,person
2025-11-05 01:24:15,person
2025-11-05 01:24:15,person
2025-11-05 01:24:16,person
2025-11-05 01:24:16,person
2025-11-05 01:24:16,person
2025-11-05 01:24:17,person
2025-11-05 01:24:17,person
2025-11-05 01:24:17,person
2025-11-05 01:24:18,person
2025-11-05 01:24:18,person
2025-11-05 01:24:18,person
2025-11-05 01:24:18,person
2025-11-05 01:24:19,person
2025-11-05 01:24:19,person
2025-11-05 01:24:19,person
2025-11-05 01:24:20,person
2025-11-05 01:24:20,person
2025-11-05 01:24:21,person
2025-11-05 01:24:22,person
2025-11-05 01:24:22,person
2025-11-05 01:24:22,person
2025-11-05 01:24:22,person
2025-11-05 01:24:23,person
2025-11-05 01:24:23,person
2025-11-05 01:24:24,person
2025-11-05 01:24:24,person
2025-11-05 01:24:24,person
2025-11-05 01:24:24,person
2025-11-05 01:24:25,person
2025-11-05 01:24:25,person
2025-11-05 01:24:25,person
2025-11-05 01:24:26,person
2025-11-05 01:24:27,person
2025-11-05 01:24:27,person
2025-11-05 01:24:28,person
2025-11-05 01:24:29,person
2025-11-05 01:24:29,person
2025-11-05 01:24:30,person
2025-11-05 01:24:30,person
2025-11-05 01:24:30,cell phone
2025-11-05 01:24:31,person
2025-11-05 01:24:31,cell phone
2025-11-05 01:24:31,person
2025-11-05 01:24:31,cell phone
2025-11-05 01:24:32,person
2025-11-05 01:24:32,cell phone
2025-11-05 01:24:32,person
2025-11-05 01:24:32,cell phone
2025-11-05 01:24:33,person
2025-11-05 01:24:33,cell phone
2025-11-05 01:24:33,person
2025-11-05 01:24:33,person
2025-11-05 01:24:34,person
2025-11-05 01:24:34,person
2025-11-05 01:25:57,person
2025-11-05 01:25:57,person
2025-11-05 01:25:57,person
2025-11-05 01:25:58,person
2025-11-05 01:25:58,person
2025-11-05 01:25:59,person
2025-11-05 01:25:59,person
2025-11-05 01:26:00,person
2025-11-05 01:26:00,person
2025-11-05 01:26:00,person
2025-11-05 01:26:01,person
2025-11-05 01:26:01,person
2025-11-05 01:26:02,person
2025-11-05 01:26:02,person
2025-11-05 01:26:03,person
2025-11-05 01:26:03,person
2025-11-05 01:26:04,person
2025-11-05 01:26:04,person
2025-11-05 01:26:04,person
2025-11-05 01:26:05,person
2025-11-05 01:26:05,person
2025-11-05 01:26:06,person
2025-11-05 01:26:47,person
2025-11-05 01:26:48,person
2025-11-05 01:26:48,person
2025-11-05 01:26:48,person
2025-11-05 01:26:49,person
2025-11-05 01:26:49,person
2025-11-05 01:26:50,person
2025-11-05 01:26:50,person
2025-11-05 01:26:51,person
2025-11-05 01:26:51,person
2025-11-05 01:26:52,person
2025-11-05 01:26:52,person
2025-11-05 01:26:53,person
2025-11-05 01:26:53,person
2025-11-05 01:26:53,person
2025-11-05 01:26:54,person
2025-11-05 01:26:54,person
2025-11-05 01:26:55,person
2025-11-05 01:26:55,person
2025-11-05 01:26:55,person
2025-11-05 01:26:56,person
2025-11-05 01:26:56,person
2025-11-05 01:26:57,person
2025-11-05 01:26:57,person
2025-11-05 01:26:58,person
2025-11-05 01:26:58,person
2025-11-05 01:26:59,person
2025-11-05 01:26:59,person
2025-11-05 01:27:00,person
2025-11-05 01:27:00,person
2025-11-05 01:27:00,person
2025-11-05 01:27:01,person
2025-11-05 01:27:02,person
2025-11-05 01:27:02,person
2025-11-05 01:27:03,person
2025-11-05 01:27:03,person
2025-11-05 01:27:04,person
2025-11-05 01:27:04,person
2025-11-05 01:27:05,person
2025-11-05 01:27:05,person
2025-11-05 01:27:06,person
2025-11-05 01:27:06,person
2025-11-05 01:27:48,person
2025-11-05 01:27:48,person
2025-11-05 01:27:49,person
2025-11-05 01:27:49,person
2025-11-05 01:27:50,person
2025-11-05 01:27:50,person
2025-11-05 01:27:50,person
2025-11-05 01:27:51,person
2025-11-05 01:27:51,person
2025-11-05 01:27:52,person
2025-11-05 01:27:52,person
2025-11-05 01:27:52,person
2025-11-05 01:27:53,person
2025-11-05 01:27:54,person
2025-11-05 01:27:54,person
2025-11-05 01:27:54,person
2025-11-05 01:27:55,person
2025-11-05 01:27:55,person
2025-11-05 01:27:56,person
2025-11-05 01:27:56,person
2025-11-05 01:27:56,couch
2025-11-05 01:27:57,person
2025-11-05 01:27:57,cell phone
2025-11-05 01:27:57,person
2025-11-05 01:27:57,person
2025-11-05 01:27:58,person
2025-11-05 01:27:58,person
2025-11-05 01:27:59,person
2025-11-05 01:27:59,person
2025-11-05 01:28:00,person
2025-11-05 01:28:00,person
2025-11-05 01:28:01,person
2025-11-05 01:28:01,person
2025-11-05 01:28:02,person
2025-11-05 01:28:02,person
2025-11-05 01:28:03,person
2025-11-05 01:28:03,person
2025-11-05 01:28:03,person
2025-11-05 01:28:04,person
2025-11-05 01:28:04,person
2025-11-05 01:28:05,person
2025-11-05 01:28:05,couch
2025-11-05 01:28:05,person
2025-11-05 01:28:06,person
2025-11-05 01:28:06,person
2025-11-05 01:28:07,person
2025-11-05 01:28:07,person
2025-11-05 01:28:08,person
2025-11-05 01:28:08,person
2025-11-05 01:28:08,couch
2025-11-05 01:28:09,person
2025-11-05 01:29:12,person
2025-11-05 01:29:12,person
2025-11-05 01:29:12,person
2025-11-05 01:29:13,person
2025-11-05 01:29:13,person
2025-11-05 01:29:14,person
2025-11-05 01:29:14,person
2025-11-05 01:29:14,person
2025-11-05 01:29:15,person
2025-11-05 01:29:15,person
2025-11-05 01:29:16,person
2025-11-05 01:29:16,person
2025-11-05 01:29:17,person
2025-11-05 01:29:17,person
2025-11-05 01:29:18,person
2025-11-05 01:29:18,person
2025-11-05 01:29:18,person
2025-11-05 01:29:19,person
2025-11-05 01:29:19,person
2025-11-05 01:29:20,person
2025-11-05 01:29:20,person
2025-11-05 01:29:21,person
2025-11-05 01:29:44,person
2025-11-05 01:29:44,person
2025-11-05 01:29:44,person
2025-11-05 01:29:45,person
2025-11-05 01:29:45,person
2025-11-05 01:29:46,person
2025-11-05 01:29:46,person
2025-11-05 01:29:47,person
2025-11-05 01:29:47,person
2025-11-05 01:29:48,person
2025-11-05 01:29:48,person
2025-11-05 01:29:49,person
2025-11-05 01:29:49,person
2025-11-05 01:29:49,cell phone
2025-11-05 01:29:49,person
2025-11-05 01:29:50,person
2025-11-05 01:29:50,person
2025-11-05 01:29:50,couch
2025-11-05 01:29:51,person
2025-11-05 01:29:51,person
2025-11-05 01:29:52,person
2025-11-05 01:29:52,person
2025-11-05 01:29:53,person
2025-11-05 01:29:53,person
2025-11-05 01:29:54,person
2025-11-05 01:29:54,person
2025-11-05 01:30:07,person
2025-11-05 01:30:07,person
2025-11-05 01:30:08,cell phone
2025-11-05 01:30:08,cell phone
2025-11-05 01:30:08,person
2025-11-05 01:30:08,cell phone
2025-11-05 01:30:08,cell phone
2025-11-05 01:30:08,person
2025-11-05 01:30:08,person
2025-11-05 01:30:09,cell phone
2025-11-05 01:30:09,person
2025-11-05 01:30:09,cell phone
2025-11-05 01:30:09,cell phone
2025-11-05 01:30:09,cell phone
2025-11-05 01:30:09,person
2025-11-05 01:30:10,cell phone
2025-11-05 01:30:10,cell phone
2025-11-05 01:30:10,person
2025-11-05 01:30:10,cell phone
2025-11-05 01:30:10,cell phone
2025-11-05 01:30:10,person
2025-11-05 01:30:10,cell phone
2025-11-05 01:30:10,cell phone
2025-11-05 01:30:10,person
2025-11-05 01:30:11,person
2025-11-05 01:30:11,person
2025-11-05 01:30:12,person
2025-11-05 01:30:12,person
2025-11-05 01:30:13,person
2025-11-05 01:30:13,person
2025-11-05 01:30:14,person
2025-11-05 01:30:14,person
2025-11-05 01:30:15,person
2025-11-05 01:30:15,person
